{
  "questions" : [ {
    "options" : [ "Kalpana Chawla", "Sunita Williams", "Koneru Humpy", "None of the above" ],
    "question" : "Who was the first Indian woman in Space?",
    "answer" : "Kalpana Chawla"
  }, {
    "options" : [ "Vikram Ambalal", "Ravish Malhotra", "Rakesh Sharma", "Nagapathi Bhat" ],
    "question" : "Who was the first Indian in space?",
    "answer" : "Rakesh Sharma"
  },{
    "options" : [ "Junko Tabei", "Reinhold Messner", "Peter Habeler", "Phu Dorji" ],
    "question" : "Who was the first Man to Climb Mount Everest Without Oxygen?",
    "answer" : "Phu Dorji"
  }, {
    "options" : [ "Jahangir", "Akbar", "Imam Bukhari", "Shah Jahan" ],
    "question" : "Who built the Jama Masjid?",
    "answer" : "Shah Jahan"
  } ]
}
