{
  "project_info": {
    "project_number": "709347196708",
    "firebase_url": "https://assignmentapp-ceb5e.firebaseio.com",
    "project_id": "assignmentapp-ceb5e",
    "storage_bucket": "assignmentapp-ceb5e.appspot.com"
  },
  "client": [
    {
      "client_info": {
        "mobilesdk_app_id": "1:709347196708:android:8e74c34f34d4d76d3b7db1",
        "android_client_info": {
          "package_name": "com.example.assignmentapp"
        }
      },
      "oauth_client": [
        {
          "client_id": "709347196708-jpc98m0hse2ri5c5ovhrmij46labm20i.apps.googleusercontent.com",
          "client_type": 3
        }
      ],
      "api_key": [
        {
          "current_key": "AIzaSyBREIwEBmOifCgRq5RtEQuDDVRM0Y8crqE"
        }
      ],
      "services": {
        "appinvite_service": {
          "other_platform_oauth_client": [
            {
              "client_id": "709347196708-jpc98m0hse2ri5c5ovhrmij46labm20i.apps.googleusercontent.com",
              "client_type": 3
            }
          ]
        }
      }
    }
  ],
  "configuration_version": "1"
}